model,accuracy,f1_weighted,precision_weighted,recall_weighted,roc_auc_ovr
Gradient Boosting,0.5791666666666667,0.5706172569908693,0.5654578824634926,0.5791666666666667,0.8139644875581966
Logistic Regression,0.56,0.563281187631151,0.5739738357296095,0.56,0.8004753307611538
Random Forest,0.5641666666666667,0.5626239129894606,0.5623975370035497,0.5641666666666667,0.7947889051004217
XGBoost,0.5683333333333334,0.5590866457372755,0.5548681840967694,0.5683333333333334,0.8087357686876193
Decision Tree,0.4725,0.4898591244847493,0.5288257636527601,0.4725,0.6988462349937279
